symbol,action,add_shares,price_run,rationale,prev_shares,target_shares,mu_mean_q,mu_sd_q,run_name,run_ts,target_value_usd,target_weight
AAPL,Keep,0,255.46,"PE_ttm 38.9 vs med 16.5; ROA 0.2% vs med 0.0%; ROE 1.5% vs med 0.1%; EPS positive; Revenue TTM positive; Trend: bullish; 3M momentum: 27.85%; RSI14: 74.2; MACD hist: 1.155; mean=0.18, 30d imbalance=0.00 (pos=0, neg=0); implied=-5.37%, rating balance=0.57 (SB=5,B=22,H=15,S=1,SS=1); regime=Mixed, beta_1y=1.25 -> score=-0.10",23,23,-0.013712793424869418,0.15,RunSept27-Manual-20250927-1339UTC,20250927-1354UTC,5875.58,0.08039123612686852
ACCO,Keep,0,4.06,"PE_ttm 4.6 vs med 16.5; ROA 0.0% vs med 0.0%; ROE 0.1% vs med 0.1%; EPS positive; Revenue TTM positive; Trend: neutral; 3M momentum: 16.09%; RSI14: 55.1; MACD hist: -0.000; mean=0.22, 30d imbalance=0.00 (pos=0, neg=0); implied=114.60%, rating balance=1.00 (SB=1,B=1,H=0,S=0,SS=0); regime=Mixed, beta_1y=1.10 -> score=-0.04",0,0,0.21034570414185239,0.15,RunSept27-Manual-20250927-1339UTC,20250927-1354UTC,0.0,0.0
ADV,Keep,0,1.56,"ROA 0.0% vs med 0.0%; ROE -0.4% vs med 0.1%; Revenue TTM positive; Trend: neutral; 3M momentum: 16.39%; RSI14: 50.7; MACD hist: -0.020; mean=0.23, 30d imbalance=0.00 (pos=0, neg=0); implied=62.82%, rating balance=0.00 (SB=0,B=0,H=0,S=0,SS=0); regime=Mixed, beta_1y=1.53 -> score=-0.21",0,0,0.12959908406268061,0.02,RunSept27-Manual-20250927-1339UTC,20250927-1354UTC,0.0,0.0
ALK,New,19,50.88,"PE_ttm 14.2 vs med 16.5; ROA 0.0% vs med 0.0%; ROE 0.1% vs med 0.1%; EPS positive; Revenue TTM positive; Trend: neutral; 3M momentum: 10.53%; RSI14: 24.2; MACD hist: -1.118; mean=0.16, 30d imbalance=0.00 (pos=0, neg=0); implied=30.27%, rating balance=0.93 (SB=4,B=9,H=1,S=0,SS=0); regime=Mixed, beta_1y=1.57 -> score=-0.23",0,19,0.068336836836413,0.02,RunSept27-Manual-20250927-1339UTC,20250927-1354UTC,966.72,0.013226918157622966
AMRK,Keep,0,26.65,"PE_ttm 22.4 vs med 16.5; ROA 0.0% vs med 0.0%; ROE 0.0% vs med 0.1%; EPS positive; Revenue TTM positive; Trend: neutral; 3M momentum: 26.58%; RSI14: 73.2; MACD hist: 0.207; mean=0.20, 30d imbalance=0.00 (pos=0, neg=0); implied=44.65%, rating balance=0.60 (SB=2,B=1,H=2,S=0,SS=0); regime=Mixed, beta_1y=0.70 -> score=0.12",0,0,0.09667815827851789,0.02,RunSept27-Manual-20250927-1339UTC,20250927-1354UTC,0.0,0.0
AMTM,Keep,0,22.57,"PE_ttm 14.6 vs med 16.5; ROA 0.0% vs med 0.0%; ROE 0.0% vs med 0.1%; EPS positive; Revenue TTM positive; Trend: neutral; 3M momentum: 2.33%; RSI14: 22.4; MACD hist: -0.177; mean=0.25, 30d imbalance=0.00 (pos=0, neg=0); implied=18.85%, rating balance=0.33 (SB=2,B=2,H=4,S=1,SS=0); No beta data",0,0,0.04412154678115909,0.02,RunSept27-Manual-20250927-1339UTC,20250927-1354UTC,0.0,0.0
AMZN,Keep,0,219.78,"PE_ttm 34.7 vs med 16.5; ROA 0.1% vs med 0.0%; ROE 0.2% vs med 0.1%; EPS positive; Revenue TTM positive; Trend: bullish; 3M momentum: 6.98%; RSI14: 52.7; MACD hist: -0.535; mean=0.22, 30d imbalance=0.00 (pos=0, neg=0); implied=16.29%, rating balance=0.94 (SB=15,B=49,H=4,S=0,SS=0); regime=Mixed, beta_1y=1.32 -> score=-0.13",50,50,0.03845890282942288,0.02,RunSept27-Manual-20250927-1339UTC,20250927-1354UTC,10989.0,0.1503543979995436
ARCO,Keep,0,6.92,"PE_ttm 10.7 vs med 16.5; ROA 0.1% vs med 0.0%; ROE 0.2% vs med 0.1%; EPS positive; Revenue TTM positive; Trend: bearish; 3M momentum: -8.89%; RSI14: 51.6; MACD hist: 0.001; mean=0.14, 30d imbalance=0.00 (pos=0, neg=0); implied=46.20%, rating balance=0.78 (SB=3,B=4,H=2,S=0,SS=0); regime=Mixed, beta_1y=0.67 -> score=0.13",0,0,0.09960157056705521,0.02,RunSept27-Manual-20250927-1339UTC,20250927-1354UTC,0.0,0.0
ARDT,Increase,75,13.26,"PE_ttm 7.7 vs med 16.5; ROA 0.1% vs med 0.0%; ROE 0.2% vs med 0.1%; EPS positive; Revenue TTM positive; Trend: neutral; 3M momentum: -1.21%; RSI14: 55.1; MACD hist: -0.040; mean=0.22, 30d imbalance=0.00 (pos=0, neg=0); implied=46.43%, rating balance=0.73 (SB=2,B=7,H=1,S=0,SS=1); regime=Mixed, beta_1y=0.65 -> score=0.14",190,265,0.1000400285364671,0.02,RunSept27-Manual-20250927-1339UTC,20250927-1354UTC,3513.9,0.048078107118991374
ASIX,Keep,0,19.46,"PE_ttm 6.5 vs med 16.5; ROA 0.0% vs med 0.0%; ROE 0.1% vs med 0.1%; EPS positive; Revenue TTM positive; Trend: neutral; 3M momentum: -16.28%; RSI14: 39.4; MACD hist: -0.085; mean=0.19, 30d imbalance=0.00 (pos=0, neg=0); implied=40.28%, rating balance=0.00 (SB=0,B=0,H=0,S=0,SS=0); regime=Mixed, beta_1y=1.13 -> score=-0.05",0,0,0.08830186545999452,0.12611040440933424,RunSept27-Manual-20250927-1339UTC,20250927-1354UTC,0.0,0.0
ASML,Keep,0,951.52,"PE_ttm 39.9 vs med 16.5; ROA 0.2% vs med 0.0%; ROE 0.6% vs med 0.1%; EPS positive; Revenue TTM positive; Trend: bullish; 3M momentum: 17.76%; RSI14: 93.2; MACD hist: 17.162; mean=0.21, 30d imbalance=0.00 (pos=0, neg=0); implied=-9.99%, rating balance=0.59 (SB=4,B=19,H=13,S=1,SS=0); regime=Mixed, beta_1y=1.36 -> score=-0.15",0,0,-0.025956709184648874,0.02,RunSept27-Manual-20250927-1339UTC,20250927-1354UTC,0.0,0.0
ATR,Keep,0,132.29,"PE_ttm 22.6 vs med 16.5; ROA 0.1% vs med 0.0%; ROE 0.2% vs med 0.1%; EPS positive; Revenue TTM positive; Trend: bearish; 3M momentum: -13.75%; RSI14: 35.7; MACD hist: 0.056; mean=0.26, 30d imbalance=0.00 (pos=0, neg=0); implied=33.26%, rating balance=0.86 (SB=2,B=4,H=1,S=0,SS=0); regime=Mixed, beta_1y=0.70 -> score=0.12",0,0,0.07441808992120547,0.11518019467423857,RunSept27-Manual-20250927-1339UTC,20250927-1354UTC,0.0,0.0
AVGO,Keep,0,334.53,"PE_ttm 53.9 vs med 16.5; ROA 0.1% vs med 0.0%; ROE 0.3% vs med 0.1%; EPS positive; Revenue TTM positive; Trend: bullish; 3M momentum: 28.44%; RSI14: 65.7; MACD hist: -0.809; mean=0.22, 30d imbalance=0.00 (pos=0, neg=0); implied=9.18%, rating balance=0.91 (SB=7,B=33,H=2,S=0,SS=1); regime=Mixed, beta_1y=1.79 -> score=-0.32",13,13,0.02219220905066721,0.15,RunSept27-Manual-20250927-1339UTC,20250927-1354UTC,4348.889999999999,0.05950266065303803
AVNW,Keep,0,22.54,"PE_ttm 7.4 vs med 16.5; ROA 0.0% vs med 0.0%; ROE 0.0% vs med 0.1%; EPS positive; Revenue TTM positive; Trend: bullish; 3M momentum: 2.00%; RSI14: 59.1; MACD hist: 0.091; mean=0.15, 30d imbalance=0.00 (pos=0, neg=0); implied=43.05%, rating balance=1.00 (SB=1,B=6,H=0,S=0,SS=0); regime=Mixed, beta_1y=0.88 -> score=0.05",0,0,0.09364120005583709,0.15,RunSept27-Manual-20250927-1339UTC,20250927-1354UTC,0.0,0.0
AXON,Keep,0,708.84,"PE_ttm 60.0 vs med 16.5; ROA 0.0% vs med 0.0%; ROE 0.1% vs med 0.1%; EPS positive; Revenue TTM positive; Trend: neutral; 3M momentum: -2.31%; RSI14: 64.7; MACD hist: 4.138; mean=0.25, 30d imbalance=0.00 (pos=0, neg=0); implied=14.53%, rating balance=0.89 (SB=6,B=10,H=2,S=0,SS=0); regime=Mixed, beta_1y=1.11 -> score=-0.04",2,2,0.03449221780111422,0.02,RunSept27-Manual-20250927-1339UTC,20250927-1354UTC,1417.68,0.019397071886067246
BRZE,Keep,0,31.58,"ROA -0.1% vs med 0.0%; ROE -0.2% vs med 0.1%; Revenue TTM positive; Trend: neutral; 3M momentum: 21.96%; RSI14: 72.7; MACD hist: 0.285; mean=0.21, 30d imbalance=0.00 (pos=0, neg=0); implied=38.16%, rating balance=1.00 (SB=7,B=12,H=0,S=0,SS=0); regime=Mixed, beta_1y=1.39 -> score=-0.15",0,0,0.08417006140169514,0.02,RunSept27-Manual-20250927-1339UTC,20250927-1354UTC,0.0,0.0
BTM,Keep,0,3.54,"ROA 0.3% vs med 0.0%; ROE 0.7% vs med 0.1%; Revenue TTM positive; Trend: neutral; 3M momentum: -33.15%; RSI14: 51.0; MACD hist: 0.046; mean=0.12, 30d imbalance=0.00 (pos=0, neg=0); implied=103.31%, rating balance=1.00 (SB=1,B=3,H=0,S=0,SS=0); regime=Mixed, beta_1y=0.77 -> score=0.09",0,0,0.19409102521001387,0.02,RunSept27-Manual-20250927-1339UTC,20250927-1354UTC,0.0,0.0
BWMX,Keep,0,12.82,"PE_ttm 3.0 vs med 16.5; ROA 0.1% vs med 0.0%; ROE 0.4% vs med 0.1%; Revenue TTM positive; Trend: bullish; 3M momentum: 56.32%; RSI14: 49.1; MACD hist: -0.105; mean=0.18, 30d imbalance=0.00 (pos=0, neg=0); implied=42.70%, rating balance=1.00 (SB=0,B=1,H=0,S=0,SS=0); regime=Mixed, beta_1y=0.56 -> score=0.17",80,80,0.0929578875073247,0.15,RunSept27-Manual-20250927-1339UTC,20250927-1354UTC,1025.6,0.014032529856068057
CAL,Keep,0,13.65,"PE_ttm 6.7 vs med 16.5; ROA 0.0% vs med 0.0%; ROE 0.1% vs med 0.1%; EPS positive; Revenue TTM positive; Trend: neutral; 3M momentum: 13.52%; RSI14: 45.7; MACD hist: -0.144; mean=0.16, 30d imbalance=0.00 (pos=0, neg=0); implied=33.15%, rating balance=0.50 (SB=0,B=1,H=1,S=0,SS=0); regime=Mixed, beta_1y=1.33 -> score=-0.13",0,0,0.0741932201331188,0.15,RunSept27-Manual-20250927-1339UTC,20250927-1354UTC,0.0,0.0
CBZ,Keep,0,52.59,"PE_ttm 13.9 vs med 16.5; ROA 0.1% vs med 0.0%; ROE 0.1% vs med 0.1%; EPS positive; Revenue TTM positive; Trend: bearish; 3M momentum: -24.80%; RSI14: 24.0; MACD hist: -0.260; mean=0.26, 30d imbalance=0.00 (pos=0, neg=0); implied=76.61%, rating balance=1.00 (SB=1,B=2,H=0,S=0,SS=0); regime=Mixed, beta_1y=0.72 -> score=0.11",0,0,0.15280410757859264,0.11655789332660466,RunSept27-Manual-20250927-1339UTC,20250927-1354UTC,0.0,0.0
CCJ,Keep,0,85.58,"PE_ttm 60.0 vs med 16.5; ROA 0.0% vs med 0.0%; ROE 0.1% vs med 0.1%; EPS positive; Revenue TTM positive; Trend: bullish; 3M momentum: 19.31%; RSI14: 68.6; MACD hist: 0.800; mean=0.23, 30d imbalance=0.00 (pos=0, neg=0); implied=1.88%, rating balance=0.94 (SB=7,B=9,H=1,S=0,SS=0); regime=Mixed, beta_1y=1.15 -> score=-0.06",0,0,0.004659717163861599,0.15,RunSept27-Manual-20250927-1339UTC,20250927-1354UTC,0.0,0.0
CDE,Keep,0,18.44,"PE_ttm 36.5 vs med 16.5; ROA 0.1% vs med 0.0%; ROE 0.1% vs med 0.1%; EPS positive; Revenue TTM positive; Trend: bullish; 3M momentum: 100.34%; RSI14: 81.2; MACD hist: 0.187; mean=0.26, 30d imbalance=0.00 (pos=0, neg=0); implied=-23.67%, rating balance=1.00 (SB=4,B=5,H=0,S=0,SS=0); regime=Mixed, beta_1y=1.20 -> score=-0.08",0,0,-0.0652995442358747,0.15,RunSept27-Manual-20250927-1339UTC,20250927-1354UTC,0.0,0.0
CG,Keep,0,63.99,"PE_ttm 17.3 vs med 16.5; ROA 0.1% vs med 0.0%; ROE 0.2% vs med 0.1%; EPS positive; Revenue TTM positive; Trend: bullish; 3M momentum: 37.98%; RSI14: 62.4; MACD hist: 0.149; mean=0.28, 30d imbalance=0.00 (pos=0, neg=0); implied=0.43%, rating balance=0.38 (SB=2,B=6,H=6,S=0,SS=2); regime=Mixed, beta_1y=1.75 -> score=-0.30",0,0,0.00106776786419438,0.03521283093221847,RunSept27-Manual-20250927-1339UTC,20250927-1354UTC,0.0,0.0
CHE,Keep,0,462.23,"PE_ttm 20.4 vs med 16.5; ROA 0.1% vs med 0.0%; ROE 0.2% vs med 0.1%; EPS positive; Revenue TTM positive; Trend: neutral; 3M momentum: -18.20%; RSI14: 44.5; MACD hist: 0.059; mean=0.26, 30d imbalance=0.00 (pos=0, neg=0); implied=26.89%, rating balance=0.75 (SB=1,B=2,H=1,S=0,SS=0); regime=Mixed, beta_1y=0.29 -> score=0.28",0,0,0.06134373651103364,0.08720656579870496,RunSept27-Manual-20250927-1339UTC,20250927-1354UTC,0.0,0.0
CHMI,Keep,0,2.52,"PE_ttm 7.8 vs med 16.5; ROA -0.0% vs med 0.0%; ROE -0.0% vs med 0.1%; Revenue TTM positive; Trend: neutral; 3M momentum: -15.82%; RSI14: 25.7; MACD hist: -0.052; mean=0.25, 30d imbalance=0.00 (pos=0, neg=0); implied=60.00%, rating balance=0.67 (SB=0,B=2,H=1,S=0,SS=0); regime=Mixed, beta_1y=0.80 -> score=0.08",0,0,0.12468265038069815,0.02,RunSept27-Manual-20250927-1339UTC,20250927-1354UTC,0.0,0.0
CIVI,Keep,0,33.29,"PE_ttm 4.7 vs med 16.5; ROA 0.1% vs med 0.0%; ROE 0.1% vs med 0.1%; EPS positive; Revenue TTM positive; Trend: neutral; 3M momentum: 9.73%; RSI14: 33.9; MACD hist: -0.394; Empty news feed; implied=28.22%, rating balance=0.44 (SB=2,B=5,H=9,S=0,SS=0); regime=Mixed, beta_1y=1.78 -> score=-0.31",0,0,0.0641177081801727,0.02,RunSept27-Manual-20250927-1339UTC,20250927-1354UTC,0.0,0.0
CLDX,Keep,0,26.14,"ROA -0.2% vs med 0.0%; ROE -0.3% vs med 0.1%; Revenue TTM positive; Trend: bullish; 3M momentum: 14.83%; RSI14: 65.9; MACD hist: 0.101; mean=0.10, 30d imbalance=0.00 (pos=0, neg=0); implied=126.27%, rating balance=0.87 (SB=2,B=11,H=2,S=0,SS=0); regime=Mixed, beta_1y=1.09 -> score=-0.04",0,0,0.22646554078188896,0.02,RunSept27-Manual-20250927-1339UTC,20250927-1354UTC,0.0,0.0
CLS,Keep,0,243.79,"PE_ttm 53.8 vs med 16.5; ROA 0.1% vs med 0.0%; ROE 0.3% vs med 0.1%; EPS positive; Revenue TTM positive; Trend: bullish; 3M momentum: 77.13%; RSI14: 79.9; MACD hist: 0.678; mean=0.28, 30d imbalance=0.00 (pos=0, neg=0); implied=-9.22%, rating balance=0.87 (SB=5,B=8,H=2,S=0,SS=0); regime=Mixed, beta_1y=2.09 -> score=-0.44",0,0,-0.023880458052255027,0.02,RunSept27-Manual-20250927-1339UTC,20250927-1354UTC,0.0,0.0
CMPS,Keep,0,5.8,"ROA -0.4% vs med 0.0%; ROE -0.7% vs med 0.1%; Trend: bullish; 3M momentum: 99.21%; RSI14: 64.1; MACD hist: -0.028; mean=0.17, 30d imbalance=0.00 (pos=0, neg=0); implied=195.63%, rating balance=0.90 (SB=4,B=5,H=1,S=0,SS=0); regime=Mixed, beta_1y=1.32 -> score=-0.13",0,0,0.25,0.02,RunSept27-Manual-20250927-1339UTC,20250927-1354UTC,0.0,0.0
CRM,Keep,0,243.43,"PE_ttm 23.4 vs med 16.5; ROA 0.1% vs med 0.0%; ROE 0.1% vs med 0.1%; EPS positive; Revenue TTM positive; Trend: bearish; 3M momentum: -7.92%; RSI14: 47.1; MACD hist: 0.299; Empty news feed; implied=34.04%, rating balance=0.76 (SB=9,B=34,H=11,S=0,SS=1); regime=Mixed, beta_1y=1.06 -> score=-0.03",0,0,0.07598731835027683,0.02,RunSept27-Manual-20250927-1339UTC,20250927-1354UTC,0.0,0.0
CRNT,New,421,2.37,"PE_ttm 9.1 vs med 16.5; ROA 0.1% vs med 0.0%; ROE 0.1% vs med 0.1%; EPS positive; Revenue TTM positive; Trend: bearish; 3M momentum: 0.41%; RSI14: 85.1; MACD hist: 0.067; mean=0.25, 30d imbalance=0.00 (pos=0, neg=0); implied=92.31%, rating balance=1.00 (SB=1,B=4,H=0,S=0,SS=0); regime=Mixed, beta_1y=1.48 -> score=-0.19",0,421,0.17760370692481797,0.02,RunSept27-Manual-20250927-1339UTC,20250927-1354UTC,997.7700000000001,0.01365175245172487
CRNX,Keep,0,45.91,"ROA -0.2% vs med 0.0%; ROE -0.4% vs med 0.1%; Revenue TTM positive; Trend: neutral; 3M momentum: 8.99%; RSI14: 51.8; MACD hist: -0.133; mean=0.18, 30d imbalance=0.00 (pos=0, neg=0); implied=107.59%, rating balance=0.88 (SB=5,B=10,H=2,S=0,SS=0); regime=Mixed, beta_1y=1.15 -> score=-0.06",0,0,0.20033541138856603,0.02,RunSept27-Manual-20250927-1339UTC,20250927-1354UTC,0.0,0.0
CRTO,Keep,0,22.25,"PE_ttm 4.7 vs med 16.5; ROA 0.1% vs med 0.0%; ROE 0.1% vs med 0.1%; EPS positive; Revenue TTM positive; Trend: bearish; 3M momentum: -8.96%; RSI14: 37.5; MACD hist: -0.089; mean=0.26, 30d imbalance=0.00 (pos=0, neg=0); implied=70.86%, rating balance=0.69 (SB=0,B=9,H=4,S=0,SS=0); regime=Mixed, beta_1y=1.12 -> score=-0.05",150,150,0.14329880035106957,0.13859231992132226,RunSept27-Manual-20250927-1339UTC,20250927-1354UTC,3337.5,0.045664555766992146
CSTM,Keep,0,15.33,"PE_ttm 60.0 vs med 16.5; ROA 0.0% vs med 0.0%; ROE 0.0% vs med 0.1%; EPS positive; Revenue TTM positive; Trend: bullish; 3M momentum: 15.52%; RSI14: 61.4; MACD hist: 0.096; mean=0.23, 30d imbalance=0.00 (pos=0, neg=0); implied=22.80%, rating balance=1.00 (SB=1,B=3,H=0,S=0,SS=0); regime=Mixed, beta_1y=1.53 -> score=-0.21",0,0,0.05269791614383035,0.09102785457200986,RunSept27-Manual-20250927-1339UTC,20250927-1354UTC,0.0,0.0
CTRA,Keep,0,23.83,"PE_ttm 11.1 vs med 16.5; ROA 0.1% vs med 0.0%; ROE 0.1% vs med 0.1%; EPS positive; Revenue TTM positive; Trend: neutral; 3M momentum: -13.84%; RSI14: 29.8; MACD hist: -0.096; mean=0.19, 30d imbalance=0.00 (pos=0, neg=0); implied=43.20%, rating balance=0.80 (SB=7,B=13,H=5,S=0,SS=0); regime=Mixed, beta_1y=0.70 -> score=0.12",170,170,0.09392709734709204,0.03381631647392113,RunSept27-Manual-20250927-1339UTC,20250927-1354UTC,4051.1,0.05542821928619082
CVE,Keep,0,17.77,"PE_ttm 18.2 vs med 16.5; ROA 0.0% vs med 0.0%; ROE 0.1% vs med 0.1%; EPS positive; Revenue TTM positive; Trend: bullish; 3M momentum: 24.65%; RSI14: 51.6; MACD hist: -0.016; mean=0.21, 30d imbalance=0.00 (pos=0, neg=0); implied=-10.88%, rating balance=0.87 (SB=7,B=7,H=0,S=0,SS=1); regime=Mixed, beta_1y=1.10 -> score=-0.04",0,0,-0.028395628471245216,0.15,RunSept27-Manual-20250927-1339UTC,20250927-1354UTC,0.0,0.0
CVNA,Keep,0,369.29,"PE_ttm 60.0 vs med 16.5; ROA 0.1% vs med 0.0%; ROE 0.9% vs med 0.1%; EPS positive; Revenue TTM positive; Trend: bullish; 3M momentum: 21.02%; RSI14: 65.2; MACD hist: 1.901; mean=0.20, 30d imbalance=0.00 (pos=0, neg=0); implied=6.81%, rating balance=0.55 (SB=6,B=7,H=8,S=1,SS=0); regime=Mixed, beta_1y=2.08 -> score=-0.43",0,0,0.01659644644304481,0.15,RunSept27-Manual-20250927-1339UTC,20250927-1354UTC,0.0,0.0
CVS,Keep,0,75.77,"PE_ttm 11.9 vs med 16.5; ROA 0.0% vs med 0.0%; ROE 0.1% vs med 0.1%; EPS positive; Revenue TTM positive; Trend: bullish; 3M momentum: 11.17%; RSI14: 54.1; MACD hist: -0.120; mean=0.25, 30d imbalance=0.00 (pos=0, neg=0); implied=9.81%, rating balance=0.81 (SB=7,B=14,H=5,S=0,SS=0); regime=Mixed, beta_1y=0.34 -> score=0.26",35,35,0.023670386626208684,0.04504142937191213,RunSept27-Manual-20250927-1339UTC,20250927-1354UTC,2651.95,0.0362846797501947
CWAN,Keep,0,18.09,"PE_ttm 46.4 vs med 16.5; ROA 0.0% vs med 0.0%; ROE 0.3% vs med 0.1%; EPS positive; Revenue TTM positive; Trend: bearish; 3M momentum: -16.91%; RSI14: 28.8; MACD hist: -0.155; Empty news feed; implied=64.51%, rating balance=1.00 (SB=5,B=7,H=0,S=0,SS=0); regime=Mixed, beta_1y=1.08 -> score=-0.03",0,0,0.13253029386079773,0.02,RunSept27-Manual-20250927-1339UTC,20250927-1354UTC,0.0,0.0
CWT,New,21,45.67,"PE_ttm 19.8 vs med 16.5; ROA 0.0% vs med 0.0%; ROE 0.1% vs med 0.1%; EPS positive; Revenue TTM positive; Trend: neutral; 3M momentum: -2.64%; RSI14: 43.9; MACD hist: -0.121; mean=0.30, 30d imbalance=0.00 (pos=0, neg=0); implied=22.25%, rating balance=1.00 (SB=0,B=5,H=0,S=0,SS=0); regime=Mixed, beta_1y=0.05 -> score=0.38",0,21,0.05150001342308541,0.02,RunSept27-Manual-20250927-1339UTC,20250927-1354UTC,959.07,0.013122248838786266
DAR,Keep,0,32.11,"PE_ttm 39.5 vs med 16.5; ROA 0.0% vs med 0.0%; ROE 0.0% vs med 0.1%; EPS positive; Revenue TTM positive; Trend: bearish; 3M momentum: -19.16%; RSI14: 41.1; MACD hist: -0.001; mean=0.23, 30d imbalance=0.00 (pos=0, neg=0); implied=47.89%, rating balance=0.83 (SB=3,B=7,H=2,S=0,SS=0); regime=Mixed, beta_1y=0.84 -> score=0.07",0,0,0.10276187707292617,0.02,RunSept27-Manual-20250927-1339UTC,20250927-1354UTC,0.0,0.0
DAVA,Keep,0,8.89,"PE_ttm 9.4 vs med 16.5; ROA 0.0% vs med 0.0%; ROE 0.0% vs med 0.1%; EPS positive; Revenue TTM positive; Trend: bearish; 3M momentum: -38.01%; RSI14: 14.2; MACD hist: -0.137; mean=0.11, 30d imbalance=0.00 (pos=0, neg=0); implied=92.02%, rating balance=0.55 (SB=1,B=5,H=5,S=0,SS=0); regime=Mixed, beta_1y=1.45 -> score=-0.18",0,0,0.17716588329684124,0.02,RunSept27-Manual-20250927-1339UTC,20250927-1354UTC,0.0,0.0
DBRG,Keep,0,11.8,"PE_ttm 60.0 vs med 16.5; ROA -0.0% vs med 0.0%; ROE 0.0% vs med 0.1%; EPS positive; Revenue TTM positive; Trend: bullish; 3M momentum: 19.15%; RSI14: 68.2; MACD hist: 0.055; mean=0.20, 30d imbalance=0.00 (pos=0, neg=0); implied=33.93%, rating balance=0.89 (SB=3,B=5,H=1,S=0,SS=0); regime=Mixed, beta_1y=1.61 -> score=-0.24",0,0,0.07576722608363995,0.02,RunSept27-Manual-20250927-1339UTC,20250927-1354UTC,0.0,0.0
DDI,New,107,9.32,"PE_ttm 4.4 vs med 16.5; ROA 0.1% vs med 0.0%; ROE 0.1% vs med 0.1%; EPS positive; Revenue TTM positive; Trend: bearish; 3M momentum: -1.57%; RSI14: 30.8; MACD hist: -0.000; mean=0.28, 30d imbalance=0.00 (pos=0, neg=0); implied=104.79%, rating balance=1.00 (SB=0,B=4,H=0,S=0,SS=0); regime=Mixed, beta_1y=0.46 -> score=0.22",0,107,0.19626038239382493,0.02,RunSept27-Manual-20250927-1339UTC,20250927-1354UTC,997.24,0.013644500851857751
DUOL,Keep,0,326.39,"PE_ttm 60.0 vs med 16.5; ROA 0.0% vs med 0.0%; ROE 0.1% vs med 0.1%; EPS positive; Revenue TTM positive; Trend: bearish; 3M momentum: -26.83%; RSI14: 58.3; MACD hist: 4.047; mean=0.21, 30d imbalance=0.00 (pos=0, neg=0); implied=47.25%, rating balance=0.70 (SB=7,B=9,H=7,S=0,SS=0); regime=Mixed, beta_1y=1.45 -> score=-0.18",0,0,0.1015664273852026,0.02,RunSept27-Manual-20250927-1339UTC,20250927-1354UTC,0.0,0.0
DVN,Keep,0,36.99,"PE_ttm 7.8 vs med 16.5; ROA 0.1% vs med 0.0%; ROE 0.2% vs med 0.1%; EPS positive; Revenue TTM positive; Trend: bullish; 3M momentum: 4.23%; RSI14: 35.6; MACD hist: -0.201; mean=0.27, 30d imbalance=0.00 (pos=0, neg=0); implied=35.29%, rating balance=0.70 (SB=6,B=15,H=9,S=0,SS=0); regime=Mixed, beta_1y=1.21 -> score=-0.08",0,0,0.07849200196378958,0.02,RunSept27-Manual-20250927-1339UTC,20250927-1354UTC,0.0,0.0
DXCM,Keep,0,67.1,"PE_ttm 42.6 vs med 16.5; ROA 0.1% vs med 0.0%; ROE 0.2% vs med 0.1%; EPS positive; Revenue TTM positive; Trend: bearish; 3M momentum: -20.62%; RSI14: 40.4; MACD hist: -0.692; mean=0.23, 30d imbalance=0.00 (pos=0, neg=0); implied=46.86%, rating balance=0.85 (SB=3,B=20,H=4,S=0,SS=0); regime=Mixed, beta_1y=1.03 -> score=-0.01",0,0,0.10083782405423847,0.15,RunSept27-Manual-20250927-1339UTC,20250927-1354UTC,0.0,0.0
EEFT,Keep,0,89.45,"PE_ttm 10.1 vs med 16.5; ROA 0.1% vs med 0.0%; ROE 0.3% vs med 0.1%; EPS positive; Revenue TTM positive; Trend: bearish; 3M momentum: -12.54%; RSI14: 37.9; MACD hist: 0.043; mean=0.25, 30d imbalance=0.00 (pos=0, neg=0); implied=43.19%, rating balance=0.78 (SB=1,B=6,H=2,S=0,SS=0); regime=Mixed, beta_1y=1.09 -> score=-0.04",0,0,0.0938988990601104,0.03656554475703703,RunSept27-Manual-20250927-1339UTC,20250927-1354UTC,0.0,0.0
EFX,Keep,0,254.27,"PE_ttm 34.3 vs med 16.5; ROA 0.1% vs med 0.0%; ROE 0.1% vs med 0.1%; EPS positive; Revenue TTM positive; Trend: neutral; 3M momentum: -1.85%; RSI14: 70.3; MACD hist: 1.052; mean=0.22, 30d imbalance=0.00 (pos=0, neg=0); implied=9.35%, rating balance=0.65 (SB=5,B=10,H=8,S=0,SS=0); regime=Mixed, beta_1y=1.06 -> score=-0.02",0,0,0.022600436679601543,0.04648132502461174,RunSept27-Manual-20250927-1339UTC,20250927-1354UTC,0.0,0.0
ENOV,Keep,0,29.99,"PE_ttm 9.8 vs med 16.5; ROA 0.0% vs med 0.0%; ROE -0.3% vs med 0.1%; Revenue TTM positive; Trend: neutral; 3M momentum: 1.22%; RSI14: 58.2; MACD hist: 0.056; mean=0.30, 30d imbalance=0.00 (pos=0, neg=0); implied=53.54%, rating balance=0.91 (SB=2,B=8,H=1,S=0,SS=0); regime=Mixed, beta_1y=1.34 -> score=-0.14",0,0,0.1131532759395637,0.07457241950365597,RunSept27-Manual-20250927-1339UTC,20250927-1354UTC,0.0,0.0
ERIE,Keep,0,315.99,"PE_ttm 26.8 vs med 16.5; ROA 0.2% vs med 0.0%; ROE 0.3% vs med 0.1%; EPS positive; Revenue TTM positive; Trend: bearish; 3M momentum: -9.22%; RSI14: 35.6; MACD hist: -1.414; mean=0.25, 30d imbalance=0.00 (pos=0, neg=0); implied=-64.18%, rating balance=0.00 (SB=0,B=0,H=0,S=0,SS=0); regime=Mixed, beta_1y=0.50 -> score=0.20",0,0,-0.22636153351877786,0.046368837549736086,RunSept27-Manual-20250927-1339UTC,20250927-1354UTC,0.0,0.0
EVH,Keep,0,8.95,"ROA -0.0% vs med 0.0%; ROE -0.1% vs med 0.1%; Revenue TTM positive; Trend: bearish; 3M momentum: -19.11%; RSI14: 33.7; MACD hist: -0.087; mean=0.21, 30d imbalance=0.00 (pos=0, neg=0); implied=79.98%, rating balance=0.93 (SB=4,B=9,H=1,S=0,SS=0); regime=Mixed, beta_1y=0.60 -> score=0.16",0,0,0.1582547273794066,0.15,RunSept27-Manual-20250927-1339UTC,20250927-1354UTC,0.0,0.0
FANG,Keep,0,148.25,"PE_ttm 9.8 vs med 16.5; ROA 0.1% vs med 0.0%; ROE 0.1% vs med 0.1%; EPS positive; Revenue TTM positive; Trend: bearish; 3M momentum: -0.37%; RSI14: 32.1; MACD hist: -0.023; mean=0.23, 30d imbalance=0.00 (pos=0, neg=0); implied=30.20%, rating balance=0.90 (SB=8,B=19,H=3,S=0,SS=0); regime=Mixed, beta_1y=1.14 -> score=-0.05",0,0,0.06820535858592769,0.1216503842276263,RunSept27-Manual-20250927-1339UTC,20250927-1354UTC,0.0,0.0
FINV,Keep,0,7.55,"PE_ttm 3.0 vs med 16.5; ROA 0.2% vs med 0.0%; ROE 0.2% vs med 0.1%; EPS positive; Revenue TTM positive; Trend: neutral; 3M momentum: -21.73%; RSI14: 37.6; MACD hist: 0.019; mean=0.19, 30d imbalance=0.00 (pos=0, neg=0); implied=48.76%, rating balance=1.00 (SB=0,B=8,H=0,S=0,SS=0); regime=Mixed, beta_1y=0.48 -> score=0.21",0,0,0.10439026591634404,0.02,RunSept27-Manual-20250927-1339UTC,20250927-1354UTC,0.0,0.0
FLOC,New,62,16.01,"PE_ttm 28.0 vs med 16.5; ROA 0.0% vs med 0.0%; ROE 0.0% vs med 0.1%; Revenue TTM positive; Insufficient technical history (<220 days); mean=0.15, 30d imbalance=0.00 (pos=0, neg=0); implied=120.77%, rating balance=1.00 (SB=3,B=5,H=0,S=0,SS=0); No beta data",0,62,0.21894855648878608,0.02,RunSept27-Manual-20250927-1339UTC,20250927-1354UTC,992.6200000000001,0.013581288792638726
FSLR,Keep,0,220.02,"PE_ttm 18.8 vs med 16.5; ROA 0.1% vs med 0.0%; ROE 0.2% vs med 0.1%; EPS positive; Revenue TTM positive; Trend: bullish; 3M momentum: 44.99%; RSI14: 81.3; MACD hist: 0.746; mean=0.21, 30d imbalance=0.00 (pos=0, neg=0); implied=1.06%, rating balance=0.82 (SB=8,B=21,H=4,S=1,SS=0); regime=Mixed, beta_1y=0.90 -> score=0.04",0,0,0.00264686312843021,0.02,RunSept27-Manual-20250927-1339UTC,20250927-1354UTC,0.0,0.0
GDEV,Keep,0,26.0,"PE_ttm 13.5 vs med 16.5; ROA 0.1% vs med 0.0%; ROE 0.0% vs med 0.1%; EPS positive; Revenue TTM positive; Trend: neutral; 3M momentum: 96.69%; RSI14: 86.3; MACD hist: 1.288; mean=0.23, 30d imbalance=0.00 (pos=0, neg=0); implied=122.15%, rating balance=0.50 (SB=0,B=1,H=1,S=0,SS=0); regime=Mixed, beta_1y=0.33 -> score=0.27",0,0,0.2208502858144732,0.02,RunSept27-Manual-20250927-1339UTC,20250927-1354UTC,0.0,0.0
GDYN,Keep,0,7.99,"PE_ttm 18.9 vs med 16.5; ROA 0.0% vs med 0.0%; ROE 0.0% vs med 0.1%; EPS positive; Revenue TTM positive; Trend: bearish; 3M momentum: -31.39%; RSI14: 52.0; MACD hist: 0.082; mean=0.20, 30d imbalance=0.00 (pos=0, neg=0); implied=62.76%, rating balance=1.00 (SB=2,B=3,H=0,S=0,SS=0); regime=Mixed, beta_1y=1.30 -> score=-0.12",0,0,0.1295052899582403,0.02,RunSept27-Manual-20250927-1339UTC,20250927-1354UTC,0.0,0.0
GOOGL,Keep,0,246.54,"PE_ttm 26.9 vs med 16.5; ROA 0.2% vs med 0.0%; ROE 0.3% vs med 0.1%; EPS positive; Revenue TTM positive; Trend: bullish; 3M momentum: 51.42%; RSI14: 89.2; MACD hist: 0.989; Empty news feed; implied=-6.22%, rating balance=0.83 (SB=13,B=41,H=11,S=0,SS=0); regime=Mixed, beta_1y=1.01 -> score=-0.00",0,0,-0.015929190513870983,0.02,RunSept27-Manual-20250927-1339UTC,20250927-1354UTC,0.0,0.0
HLF,Keep,0,8.87,"PE_ttm 4.3 vs med 16.5; ROA 0.1% vs med 0.0%; ROE 0.0% vs med 0.1%; EPS positive; Revenue TTM positive; Trend: bullish; 3M momentum: 8.58%; RSI14: 33.5; MACD hist: -0.066; mean=0.22, 30d imbalance=0.00 (pos=0, neg=0); implied=2.41%, rating balance=0.00 (SB=0,B=1,H=2,S=0,SS=1); regime=Mixed, beta_1y=0.73 -> score=0.11",0,0,0.005983405381485785,0.02,RunSept27-Manual-20250927-1339UTC,20250927-1354UTC,0.0,0.0
HQY,Keep,0,96.53,"PE_ttm 27.3 vs med 16.5; ROA 0.0% vs med 0.0%; ROE 0.1% vs med 0.1%; EPS positive; Revenue TTM positive; Trend: bearish; 3M momentum: -7.88%; RSI14: 62.1; MACD hist: 0.512; mean=0.32, 30d imbalance=0.00 (pos=0, neg=0); implied=27.50%, rating balance=0.93 (SB=4,B=9,H=1,S=0,SS=0); regime=Mixed, beta_1y=0.98 -> score=0.01",0,0,0.06261512529268276,0.14521688580888192,RunSept27-Manual-20250927-1339UTC,20250927-1354UTC,0.0,0.0
HRTG,Keep,0,24.86,"PE_ttm 7.8 vs med 16.5; ROA 0.0% vs med 0.0%; ROE 0.3% vs med 0.1%; EPS positive; Revenue TTM positive; Trend: bullish; 3M momentum: 19.45%; RSI14: 65.3; MACD hist: 0.375; mean=0.31, 30d imbalance=0.00 (pos=0, neg=0); implied=16.02%, rating balance=0.67 (SB=1,B=1,H=1,S=0,SS=0); regime=Mixed, beta_1y=0.48 -> score=0.21",0,0,0.03785141068001252,0.15,RunSept27-Manual-20250927-1339UTC,20250927-1354UTC,0.0,0.0
HTO,New,20,48.41,"PE_ttm 15.5 vs med 16.5; ROA 0.0% vs med 0.0%; ROE 0.1% vs med 0.1%; EPS positive; Revenue TTM positive; Trend: bearish; 3M momentum: -8.30%; RSI14: 46.3; MACD hist: -0.110; mean=0.23, 30d imbalance=0.00 (pos=0, neg=0); implied=25.75%, rating balance=0.75 (SB=0,B=3,H=1,S=0,SS=0); regime=Mixed, beta_1y=0.05 -> score=0.38",0,20,0.0589480137585463,0.02,RunSept27-Manual-20250927-1339UTC,20250927-1354UTC,968.1999999999999,0.013247167908195294
IDYA,Increase,37,26.83,"ROA -0.2% vs med 0.0%; ROE -0.4% vs med 0.1%; Revenue TTM positive; Trend: bullish; 3M momentum: 19.01%; RSI14: 52.1; MACD hist: 0.037; mean=0.16, 30d imbalance=0.00 (pos=0, neg=0); implied=81.56%, rating balance=0.88 (SB=2,B=12,H=2,S=0,SS=0); regime=Mixed, beta_1y=1.04 -> score=-0.02",41,78,0.16079153241967248,0.02,RunSept27-Manual-20250927-1339UTC,20250927-1354UTC,2092.74,0.02863342095455135
IMCR,New,29,34.02,"ROA -0.0% vs med 0.0%; ROE -0.1% vs med 0.1%; Revenue TTM positive; Trend: bullish; 3M momentum: 3.87%; RSI14: 54.7; MACD hist: -0.303; mean=0.13, 30d imbalance=0.00 (pos=0, neg=0); implied=87.07%, rating balance=0.71 (SB=4,B=9,H=3,S=1,SS=0); regime=Mixed, beta_1y=0.71 -> score=0.12",0,29,0.1694985394342563,0.02,RunSept27-Manual-20250927-1339UTC,20250927-1354UTC,986.58,0.013498647918681382
IMVT,New,61,16.23,"ROA -0.5% vs med 0.0%; ROE -0.8% vs med 0.1%; Trend: bearish; 3M momentum: -2.56%; RSI14: 53.2; MACD hist: -0.070; mean=0.15, 30d imbalance=0.00 (pos=0, neg=0); implied=157.92%, rating balance=0.75 (SB=3,B=9,H=4,S=0,SS=0); regime=Mixed, beta_1y=1.13 -> score=-0.05",0,61,0.25,0.02,RunSept27-Manual-20250927-1339UTC,20250927-1354UTC,990.03,0.013545851729137148
IMXI,Keep,0,14.21,"PE_ttm 7.1 vs med 16.5; ROA 0.1% vs med 0.0%; ROE 0.4% vs med 0.1%; EPS positive; Revenue TTM positive; Trend: neutral; 3M momentum: 40.43%; RSI14: 45.1; MACD hist: -0.159; mean=0.23, 30d imbalance=0.00 (pos=0, neg=0); implied=10.73%, rating balance=0.00 (SB=0,B=0,H=7,S=0,SS=0); regime=Mixed, beta_1y=0.69 -> score=0.12",0,0,0.025800801096057313,0.02,RunSept27-Manual-20250927-1339UTC,20250927-1354UTC,0.0,0.0
INSW,Keep,0,47.22,"PE_ttm 11.0 vs med 16.5; ROA 0.1% vs med 0.0%; ROE 0.1% vs med 0.1%; EPS positive; Revenue TTM positive; Trend: bullish; 3M momentum: 26.14%; RSI14: 60.0; MACD hist: -0.096; mean=0.20, 30d imbalance=0.00 (pos=0, neg=0); implied=15.47%, rating balance=1.00 (SB=1,B=5,H=0,S=0,SS=0); regime=Mixed, beta_1y=0.60 -> score=0.16",22,22,0.036605779575216824,0.02,RunSept27-Manual-20250927-1339UTC,20250927-1354UTC,1038.84,0.014213683030107001
ITGR,Keep,0,101.5,"PE_ttm 18.1 vs med 16.5; ROA 0.0% vs med 0.0%; ROE 0.1% vs med 0.1%; EPS positive; Revenue TTM positive; Trend: bearish; 3M momentum: -13.92%; RSI14: 40.9; MACD hist: 0.066; mean=0.29, 30d imbalance=0.00 (pos=0, neg=0); implied=35.91%, rating balance=0.90 (SB=2,B=7,H=1,S=0,SS=0); regime=Mixed, beta_1y=0.85 -> score=0.06",0,0,0.07971599380702399,0.02,RunSept27-Manual-20250927-1339UTC,20250927-1354UTC,0.0,0.0
KOP,Keep,0,28.41,"PE_ttm 6.7 vs med 16.5; ROA 0.1% vs med 0.0%; ROE 0.0% vs med 0.1%; EPS positive; Revenue TTM positive; Trend: neutral; 3M momentum: -10.56%; RSI14: 55.4; MACD hist: 0.175; mean=0.17, 30d imbalance=0.00 (pos=0, neg=0); implied=81.72%, rating balance=1.00 (SB=1,B=1,H=0,S=0,SS=0); regime=Mixed, beta_1y=1.07 -> score=-0.03",0,0,0.16105539386686463,0.14580210595122028,RunSept27-Manual-20250927-1339UTC,20250927-1354UTC,0.0,0.0
KRO,Keep,0,5.73,"PE_ttm 60.0 vs med 16.5; ROA 0.0% vs med 0.0%; ROE 0.1% vs med 0.1%; EPS positive; Revenue TTM positive; Trend: neutral; 3M momentum: -4.13%; RSI14: 45.5; MACD hist: -0.032; mean=0.08, 30d imbalance=0.00 (pos=0, neg=0); implied=32.67%, rating balance=0.00 (SB=0,B=1,H=0,S=0,SS=1); regime=Mixed, beta_1y=1.19 -> score=-0.07",0,0,0.07323090127046439,0.05306444931039459,RunSept27-Manual-20250927-1339UTC,20250927-1354UTC,0.0,0.0
LFST,Keep,0,5.42,"PE_ttm 60.0 vs med 16.5; ROA 0.0% vs med 0.0%; ROE -0.0% vs med 0.1%; Revenue TTM positive; Trend: neutral; 3M momentum: 5.91%; RSI14: 43.5; MACD hist: -0.041; mean=0.22, 30d imbalance=0.00 (pos=0, neg=0); implied=56.69%, rating balance=0.88 (SB=1,B=6,H=1,S=0,SS=0); regime=Mixed, beta_1y=0.80 -> score=0.08",0,0,0.1188228429007272,0.14964379272889916,RunSept27-Manual-20250927-1339UTC,20250927-1354UTC,0.0,0.0
LKQ,New,33,30.3,"PE_ttm 9.1 vs med 16.5; ROA 0.1% vs med 0.0%; ROE 0.1% vs med 0.1%; EPS positive; Revenue TTM positive; Trend: bearish; 3M momentum: -19.47%; RSI14: 32.3; MACD hist: -0.138; mean=0.20, 30d imbalance=0.00 (pos=0, neg=0); implied=43.21%, rating balance=0.86 (SB=3,B=3,H=1,S=0,SS=0); regime=Mixed, beta_1y=0.54 -> score=0.19",0,33,0.09393156906991451,0.027346753395387266,RunSept27-Manual-20250927-1339UTC,20250927-1354UTC,999.9,0.013680895673832343
LNTH,Keep,0,50.61,"PE_ttm 7.8 vs med 16.5; ROA 0.1% vs med 0.0%; ROE 0.2% vs med 0.1%; EPS positive; Revenue TTM positive; Trend: bearish; 3M momentum: -38.10%; RSI14: 34.6; MACD hist: 0.130; mean=0.13, 30d imbalance=0.00 (pos=0, neg=0); implied=72.90%, rating balance=0.85 (SB=2,B=9,H=2,S=0,SS=0); regime=Mixed, beta_1y=0.35 -> score=0.26",0,0,0.14669656147401744,0.12126335997484715,RunSept27-Manual-20250927-1339UTC,20250927-1354UTC,0.0,0.0
LVO,Keep,0,4.82,"ROA -0.1% vs med 0.0%; ROE -67.9% vs med 0.1%; Revenue TTM positive; Trend: bearish; 3M momentum: -31.44%; RSI14: 50.2; MACD hist: 0.007; mean=0.20, 30d imbalance=0.00 (pos=0, neg=0); implied=246.26%, rating balance=1.00 (SB=0,B=3,H=0,S=0,SS=0); regime=Mixed, beta_1y=1.27 -> score=-0.11",0,0,0.25,0.15,RunSept27-Manual-20250927-1339UTC,20250927-1354UTC,0.0,0.0
LW,Keep,0,55.22,"PE_ttm 16.5 vs med 16.5; ROA 0.1% vs med 0.0%; ROE 0.2% vs med 0.1%; EPS positive; Revenue TTM positive; Trend: neutral; 3M momentum: 2.94%; RSI14: 45.5; MACD hist: -0.241; mean=0.13, 30d imbalance=0.00 (pos=0, neg=0); implied=15.26%, rating balance=0.45 (SB=3,B=2,H=6,S=0,SS=0); regime=Mixed, beta_1y=0.51 -> score=0.19",0,0,0.03614507985594084,0.05073667338392824,RunSept27-Manual-20250927-1339UTC,20250927-1354UTC,0.0,0.0
MA,New,1,565.13,"PE_ttm 37.5 vs med 16.5; ROA 0.2% vs med 0.0%; ROE 1.8% vs med 0.1%; EPS positive; Revenue TTM positive; Trend: bullish; 3M momentum: 4.84%; RSI14: 45.1; MACD hist: -1.106; mean=0.33, 30d imbalance=0.00 (pos=0, neg=0); implied=10.54%, rating balance=0.69 (SB=5,B=21,H=9,S=0,SS=1); regime=Mixed, beta_1y=0.77 -> score=0.09",0,1,0.02535823206598664,0.02,RunSept27-Manual-20250927-1339UTC,20250927-1354UTC,565.13,0.0077322577979326654
MANH,Keep,0,211.56,"PE_ttm 43.0 vs med 16.5; ROA 0.2% vs med 0.0%; ROE 0.9% vs med 0.1%; EPS positive; Revenue TTM positive; Trend: bullish; 3M momentum: 10.87%; RSI14: 56.6; MACD hist: 0.029; mean=0.19, 30d imbalance=0.00 (pos=0, neg=0); implied=5.60%, rating balance=0.40 (SB=1,B=4,H=4,S=1,SS=0); regime=Mixed, beta_1y=1.39 -> score=-0.15",0,0,0.013721031945187923,0.02,RunSept27-Manual-20250927-1339UTC,20250927-1354UTC,0.0,0.0
MATV,Keep,0,11.41,"PE_ttm 27.1 vs med 16.5; ROA 0.0% vs med 0.0%; ROE -0.7% vs med 0.1%; Revenue TTM positive; Trend: bullish; 3M momentum: 87.83%; RSI14: 44.9; MACD hist: -0.172; mean=0.22, 30d imbalance=0.00 (pos=0, neg=0); implied=27.15%, rating balance=1.00 (SB=0,B=1,H=0,S=0,SS=0); regime=Mixed, beta_1y=1.61 -> score=-0.24",0,0,0.06189603240956765,0.02,RunSept27-Manual-20250927-1339UTC,20250927-1354UTC,0.0,0.0
MAX,Keep,0,12.04,"PE_ttm 8.4 vs med 16.5; ROA 0.2% vs med 0.0%; ROE 0.0% vs med 0.1%; Revenue TTM positive; Trend: bullish; 3M momentum: 16.85%; RSI14: 70.8; MACD hist: 0.030; mean=0.19, 30d imbalance=0.00 (pos=0, neg=0); implied=24.43%, rating balance=0.88 (SB=3,B=4,H=1,S=0,SS=0); regime=Mixed, beta_1y=1.00 -> score=0.00",180,180,0.05616100089900389,0.02,RunSept27-Manual-20250927-1339UTC,20250927-1354UTC,2167.2,0.029652202324561908
MD,Keep,0,16.3,"PE_ttm 9.6 vs med 16.5; ROA 0.1% vs med 0.0%; ROE 0.1% vs med 0.1%; EPS positive; Revenue TTM positive; Trend: bullish; 3M momentum: 22.85%; RSI14: 45.6; MACD hist: -0.172; mean=0.31, 30d imbalance=0.00 (pos=0, neg=0); implied=0.12%, rating balance=0.38 (SB=0,B=3,H=5,S=0,SS=0); regime=Mixed, beta_1y=0.83 -> score=0.07",0,0,0.0003017957186761677,0.02,RunSept27-Manual-20250927-1339UTC,20250927-1354UTC,0.0,0.0
MDB,Keep,0,318.41,"PE_ttm 60.0 vs med 16.5; ROA -0.0% vs med 0.0%; ROE -0.0% vs med 0.1%; Revenue TTM positive; Trend: bullish; 3M momentum: 54.64%; RSI14: 54.0; MACD hist: -3.031; mean=0.25, 30d imbalance=0.00 (pos=0, neg=0); implied=7.73%, rating balance=0.72 (SB=6,B=24,H=9,S=0,SS=1); regime=Mixed, beta_1y=1.65 -> score=-0.26",0,0,0.018786244824509746,0.02,RunSept27-Manual-20250927-1339UTC,20250927-1354UTC,0.0,0.0
MDLZ,Keep,0,63.36,"PE_ttm 20.5 vs med 16.5; ROA 0.0% vs med 0.0%; ROE 0.1% vs med 0.1%; EPS positive; Revenue TTM positive; Trend: neutral; 3M momentum: -7.20%; RSI14: 64.6; MACD hist: 0.351; mean=0.24, 30d imbalance=0.00 (pos=0, neg=0); implied=17.06%, rating balance=0.73 (SB=6,B=13,H=7,S=0,SS=0); regime=Mixed, beta_1y=0.09 -> score=0.36",0,0,0.04015390024464516,0.02,RunSept27-Manual-20250927-1339UTC,20250927-1354UTC,0.0,0.0
MDXG,Keep,0,6.94,"PE_ttm 26.3 vs med 16.5; ROA 0.1% vs med 0.0%; ROE 0.2% vs med 0.1%; EPS positive; Revenue TTM positive; Trend: neutral; 3M momentum: 20.64%; RSI14: 50.0; MACD hist: -0.005; mean=0.22, 30d imbalance=0.00 (pos=0, neg=0); implied=69.68%, rating balance=1.00 (SB=0,B=5,H=0,S=0,SS=0); regime=Mixed, beta_1y=0.54 -> score=0.19",0,0,0.14132080771405509,0.02,RunSept27-Manual-20250927-1339UTC,20250927-1354UTC,0.0,0.0
MSFT,Keep,0,511.46,"PE_ttm 37.3 vs med 16.5; ROA 0.1% vs med 0.0%; ROE 0.3% vs med 0.1%; EPS positive; Revenue TTM positive; Trend: neutral; 3M momentum: 4.97%; RSI14: 58.0; MACD hist: 1.490; mean=0.23, 30d imbalance=0.00 (pos=0, neg=0); implied=19.70%, rating balance=0.98 (SB=12,B=43,H=1,S=0,SS=0); regime=Mixed, beta_1y=0.93 -> score=0.03",0,0,0.04597755436927908,0.02,RunSept27-Manual-20250927-1339UTC,20250927-1354UTC,0.0,0.0
MTDR,New,20,49.01,"PE_ttm 6.5 vs med 16.5; ROA 0.1% vs med 0.0%; ROE 0.2% vs med 0.1%; EPS positive; Revenue TTM positive; Trend: bearish; 3M momentum: -5.48%; RSI14: 33.0; MACD hist: -0.294; mean=0.25, 30d imbalance=0.00 (pos=0, neg=0); implied=40.51%, rating balance=0.89 (SB=3,B=14,H=2,S=0,SS=0); regime=Mixed, beta_1y=1.38 -> score=-0.15",0,20,0.08875552110354934,0.02,RunSept27-Manual-20250927-1339UTC,20250927-1354UTC,980.1999999999999,0.013411355074997963
MU,Keep,0,157.27,"PE_ttm 31.6 vs med 16.5; ROA 0.1% vs med 0.0%; ROE 0.1% vs med 0.1%; EPS positive; Revenue TTM positive; Trend: bullish; 3M momentum: 28.70%; RSI14: 89.5; MACD hist: 2.875; mean=0.24, 30d imbalance=0.00 (pos=0, neg=0); implied=-1.07%, rating balance=0.79 (SB=6,B=26,H=6,S=0,SS=1); regime=Mixed, beta_1y=2.05 -> score=-0.42",13,13,-0.002683605551796475,0.02,RunSept27-Manual-20250927-1339UTC,20250927-1354UTC,2044.5100000000002,0.02797352536664363
NESR,Keep,0,10.53,"PE_ttm 10.8 vs med 16.5; ROA 0.0% vs med 0.0%; ROE 0.1% vs med 0.1%; EPS positive; Revenue TTM positive; Trend: bullish; 3M momentum: 74.07%; RSI14: 70.3; MACD hist: -0.049; mean=0.17, 30d imbalance=0.00 (pos=0, neg=0); implied=28.53%, rating balance=1.00 (SB=3,B=1,H=0,S=0,SS=0); regime=Mixed, beta_1y=1.22 -> score=-0.09",0,0,0.06475790216916977,0.15,RunSept27-Manual-20250927-1339UTC,20250927-1354UTC,0.0,0.0
NRDS,Keep,0,11.01,"PE_ttm 14.0 vs med 16.5; ROA 0.0% vs med 0.0%; ROE 0.1% vs med 0.1%; EPS positive; Revenue TTM positive; Trend: neutral; 3M momentum: 2.07%; RSI14: 64.1; MACD hist: 0.081; mean=0.27, 30d imbalance=0.00 (pos=0, neg=0); implied=27.87%, rating balance=0.71 (SB=1,B=4,H=2,S=0,SS=0); regime=Mixed, beta_1y=1.22 -> score=-0.09",0,0,0.06338060981538951,0.1146796134107586,RunSept27-Manual-20250927-1339UTC,20250927-1354UTC,0.0,0.0
NVDA,Keep,0,178.19,"PE_ttm 50.1 vs med 16.5; ROA 0.5% vs med 0.0%; ROE 1.1% vs med 0.1%; EPS positive; Revenue TTM positive; Trend: neutral; 3M momentum: 24.14%; RSI14: 67.0; MACD hist: 0.565; mean=0.20, 30d imbalance=0.00 (pos=0, neg=0); implied=15.53%, rating balance=0.88 (SB=10,B=47,H=6,S=1,SS=0); regime=Mixed, beta_1y=1.86 -> score=-0.35",52,52,0.03674350186767805,0.15,RunSept27-Manual-20250927-1339UTC,20250927-1354UTC,9265.88,0.1267782154277924
NX,Keep,0,13.8,"PE_ttm 7.3 vs med 16.5; ROA 0.0% vs med 0.0%; ROE -0.4% vs med 0.1%; Revenue TTM positive; Trend: bearish; 3M momentum: -25.78%; RSI14: 17.7; MACD hist: -0.368; mean=0.20, 30d imbalance=0.00 (pos=0, neg=0); implied=100.57%, rating balance=1.00 (SB=0,B=2,H=0,S=0,SS=0); regime=Mixed, beta_1y=1.33 -> score=-0.13",0,0,0.19005806876005216,0.02,RunSept27-Manual-20250927-1339UTC,20250927-1354UTC,0.0,0.0
PACS,New,71,13.98,"PE_ttm 15.8 vs med 16.5; ROA 0.0% vs med 0.0%; ROE 0.0% vs med 0.1%; EPS positive; Revenue TTM positive; Trend: bearish; 3M momentum: 5.61%; RSI14: 58.6; MACD hist: 0.331; Upcoming earnings window; neutralizing sentiment (mean=0.12, 30d imbalance=0.00); implied=159.51%, rating balance=1.00 (SB=1,B=3,H=0,S=0,SS=0); regime=Mixed, beta_1y=0.76 -> score=0.10",0,71,0.25,0.02,RunSept27-Manual-20250927-1339UTC,20250927-1354UTC,992.58,0.013580741502082716
PAR,Keep,0,39.88,"ROA -0.0% vs med 0.0%; ROE -0.1% vs med 0.1%; Revenue TTM positive; Trend: bearish; 3M momentum: -37.83%; RSI14: 8.0; MACD hist: -0.090; mean=0.24, 30d imbalance=0.00 (pos=0, neg=0); implied=81.08%, rating balance=0.80 (SB=1,B=7,H=2,S=0,SS=0); regime=Mixed, beta_1y=1.38 -> score=-0.15",0,0,0.16002849066551694,0.02,RunSept27-Manual-20250927-1339UTC,20250927-1354UTC,0.0,0.0
PEP,Keep,0,140.44,"PE_ttm 18.0 vs med 16.5; ROA 0.1% vs med 0.0%; ROE 0.4% vs med 0.1%; EPS positive; Revenue TTM positive; Trend: bullish; 3M momentum: 7.62%; RSI14: 26.4; MACD hist: -0.634; mean=0.25, 30d imbalance=0.00 (pos=0, neg=0); implied=8.91%, rating balance=0.17 (SB=2,B=4,H=15,S=2,SS=0); regime=Mixed, beta_1y=0.20 -> score=0.32",0,0,0.021557598804607725,0.02,RunSept27-Manual-20250927-1339UTC,20250927-1354UTC,0.0,0.0
PFE,New,42,23.76,"PE_ttm 7.1 vs med 16.5; ROA 0.1% vs med 0.0%; ROE 0.1% vs med 0.1%; EPS positive; Revenue TTM positive; Trend: bearish; 3M momentum: -1.11%; RSI14: 35.5; MACD hist: -0.074; mean=0.17, 30d imbalance=0.00 (pos=0, neg=0); implied=20.22%, rating balance=0.29 (SB=1,B=7,H=15,S=1,SS=0); regime=Mixed, beta_1y=0.41 -> score=0.23",0,42,0.04710647429330983,0.02,RunSept27-Manual-20250927-1339UTC,20250927-1354UTC,997.9200000000001,0.013653804791309903
PFGC,Keep,0,104.3,"PE_ttm 23.3 vs med 16.5; ROA 0.0% vs med 0.0%; ROE 0.1% vs med 0.1%; EPS positive; Revenue TTM positive; Trend: bullish; 3M momentum: 19.14%; RSI14: 45.1; MACD hist: -0.225; mean=0.22, 30d imbalance=0.00 (pos=0, neg=0); implied=15.46%, rating balance=0.71 (SB=1,B=9,H=4,S=0,SS=0); regime=Mixed, beta_1y=0.83 -> score=0.07",0,0,0.03658655268842592,0.02,RunSept27-Manual-20250927-1339UTC,20250927-1354UTC,0.0,0.0
QUAD,Keep,0,6.55,"PE_ttm 6.8 vs med 16.5; ROA 0.1% vs med 0.0%; ROE -0.2% vs med 0.1%; Revenue TTM positive; Trend: bullish; 3M momentum: 19.86%; RSI14: 53.1; MACD hist: -0.019; mean=0.24, 30d imbalance=0.00 (pos=0, neg=0); implied=38.81%, rating balance=1.00 (SB=1,B=1,H=0,S=0,SS=0); regime=Mixed, beta_1y=1.07 -> score=-0.03",155,155,0.0854305390197796,0.02,RunSept27-Manual-20250927-1339UTC,20250927-1354UTC,1015.25,0.013890918424700756
RARE,Keep,0,29.08,"ROA -0.2% vs med 0.0%; ROE -1.8% vs med 0.1%; Revenue TTM positive; Trend: neutral; 3M momentum: -20.69%; RSI14: 34.2; MACD hist: -0.257; mean=0.16, 30d imbalance=0.00 (pos=0, neg=0); implied=194.84%, rating balance=0.95 (SB=6,B=14,H=1,S=0,SS=0); regime=Mixed, beta_1y=0.89 -> score=0.05",0,0,0.25,0.02,RunSept27-Manual-20250927-1339UTC,20250927-1354UTC,0.0,0.0
RCI,Keep,0,35.66,"PE_ttm 7.0 vs med 16.5; ROA 0.0% vs med 0.0%; ROE 0.1% vs med 0.1%; EPS positive; Revenue TTM positive; Trend: bullish; 3M momentum: 20.28%; RSI14: 41.7; MACD hist: -0.167; mean=0.24, 30d imbalance=0.00 (pos=0, neg=0); implied=9.53%, rating balance=0.71 (SB=5,B=8,H=3,S=1,SS=0); regime=Mixed, beta_1y=0.22 -> score=0.31",28,28,0.02301622686624305,0.02,RunSept27-Manual-20250927-1339UTC,20250927-1354UTC,998.4799999999999,0.013661466859094026
RCKT,Keep,0,3.26,"ROA -0.4% vs med 0.0%; ROE -0.7% vs med 0.1%; Trend: neutral; 3M momentum: 14.80%; RSI14: 47.5; MACD hist: -0.021; mean=0.03, 30d imbalance=0.00 (pos=0, neg=0); implied=147.17%, rating balance=0.47 (SB=0,B=9,H=7,S=1,SS=0); regime=Mixed, beta_1y=1.14 -> score=-0.06",0,0,0.25,0.15,RunSept27-Manual-20250927-1339UTC,20250927-1354UTC,0.0,0.0
SHOP,Keep,0,140.25,"PE_ttm 60.0 vs med 16.5; ROA 0.1% vs med 0.0%; ROE 0.2% vs med 0.1%; EPS positive; Revenue TTM positive; Trend: bullish; 3M momentum: 37.32%; RSI14: 78.3; MACD hist: 0.757; mean=0.21, 30d imbalance=0.00 (pos=0, neg=0); implied=3.11%, rating balance=0.60 (SB=7,B=25,H=19,S=1,SS=0); regime=Mixed, beta_1y=2.12 -> score=-0.45",0,0,0.007675932735658586,0.02,RunSept27-Manual-20250927-1339UTC,20250927-1354UTC,0.0,0.0
SLB,Keep,0,35.52,"PE_ttm 10.6 vs med 16.5; ROA 0.1% vs med 0.0%; ROE 0.2% vs med 0.1%; EPS positive; Revenue TTM positive; Trend: neutral; 3M momentum: 1.25%; RSI14: 32.6; MACD hist: -0.239; mean=0.20, 30d imbalance=0.00 (pos=0, neg=0); implied=37.29%, rating balance=0.90 (SB=8,B=18,H=3,S=0,SS=0); regime=Mixed, beta_1y=1.10 -> score=-0.04",0,0,0.08246184863436135,0.02,RunSept27-Manual-20250927-1339UTC,20250927-1354UTC,0.0,0.0
SLGN,Keep,0,42.5,"PE_ttm 10.8 vs med 16.5; ROA 0.0% vs med 0.0%; ROE 0.1% vs med 0.1%; EPS positive; Revenue TTM positive; Trend: bearish; 3M momentum: -22.21%; RSI14: 18.8; MACD hist: -0.019; mean=0.20, 30d imbalance=0.00 (pos=0, neg=0); implied=39.82%, rating balance=0.91 (SB=2,B=8,H=1,S=0,SS=0); regime=Mixed, beta_1y=0.69 -> score=0.12",0,0,0.08740080650974003,0.02,RunSept27-Manual-20250927-1339UTC,20250927-1354UTC,0.0,0.0
SLP,Keep,0,14.89,"ROA 0.0% vs med 0.0%; ROE -0.4% vs med 0.1%; Revenue TTM positive; Trend: neutral; 3M momentum: -12.31%; RSI14: 56.8; MACD hist: 0.147; mean=0.15, 30d imbalance=0.00 (pos=0, neg=0); implied=68.53%, rating balance=0.67 (SB=0,B=4,H=2,S=0,SS=0); regime=Mixed, beta_1y=0.76 -> score=0.09",0,0,0.13938120802850906,0.02,RunSept27-Manual-20250927-1339UTC,20250927-1354UTC,0.0,0.0
SLVM,Keep,0,43.06,"PE_ttm 8.0 vs med 16.5; ROA 0.1% vs med 0.0%; ROE 0.2% vs med 0.1%; EPS positive; Revenue TTM positive; Trend: bearish; 3M momentum: -15.67%; RSI14: 41.0; MACD hist: 0.051; mean=0.21, 30d imbalance=0.00 (pos=0, neg=0); implied=24.70%, rating balance=0.00 (SB=0,B=1,H=1,S=0,SS=1); regime=Mixed, beta_1y=1.11 -> score=-0.05",0,0,0.056731937252417985,0.02,RunSept27-Manual-20250927-1339UTC,20250927-1354UTC,0.0,0.0
SMCI,Keep,0,45.82,"PE_ttm 22.7 vs med 16.5; ROA 0.1% vs med 0.0%; ROE 0.2% vs med 0.1%; EPS positive; Revenue TTM positive; Trend: neutral; 3M momentum: 9.41%; RSI14: 80.5; MACD hist: 0.733; mean=0.19, 30d imbalance=0.00 (pos=0, neg=0); implied=6.29%, rating balance=0.16 (SB=3,B=3,H=10,S=2,SS=1); regime=Mixed, beta_1y=2.07 -> score=-0.43",0,0,0.015376697795613792,0.02,RunSept27-Manual-20250927-1339UTC,20250927-1354UTC,0.0,0.0
SMP,Keep,0,41.12,"PE_ttm 10.3 vs med 16.5; ROA 0.1% vs med 0.0%; ROE 0.1% vs med 0.1%; EPS positive; Revenue TTM positive; Trend: bullish; 3M momentum: 30.02%; RSI14: 49.7; MACD hist: -0.273; mean=0.22, 30d imbalance=0.00 (pos=0, neg=0); implied=17.56%, rating balance=1.00 (SB=0,B=3,H=0,S=0,SS=0); regime=Mixed, beta_1y=0.84 -> score=0.06",0,0,0.041271463045654544,0.02,RunSept27-Manual-20250927-1339UTC,20250927-1354UTC,0.0,0.0
SNDX,Keep,0,15.68,"ROA -0.4% vs med 0.0%; ROE -1.1% vs med 0.1%; Revenue TTM positive; Trend: bullish; 3M momentum: 61.50%; RSI14: 40.6; MACD hist: -0.336; mean=0.15, 30d imbalance=0.00 (pos=0, neg=0); implied=151.85%, rating balance=1.00 (SB=2,B=10,H=0,S=0,SS=0); regime=Mixed, beta_1y=1.20 -> score=-0.08",0,0,0.25,0.02,RunSept27-Manual-20250927-1339UTC,20250927-1354UTC,0.0,0.0
SNPS,Keep,0,487.76,"PE_ttm 36.3 vs med 16.5; ROA 0.0% vs med 0.0%; ROE 0.1% vs med 0.1%; EPS positive; Revenue TTM positive; Trend: neutral; 3M momentum: 7.48%; RSI14: 40.6; MACD hist: -1.923; mean=0.14, 30d imbalance=0.00 (pos=0, neg=0); implied=10.57%, rating balance=0.91 (SB=4,B=16,H=2,S=0,SS=0); regime=Mixed, beta_1y=1.38 -> score=-0.15",0,0,0.025431820081122103,0.02,RunSept27-Manual-20250927-1339UTC,20250927-1354UTC,0.0,0.0
SSTK,Keep,0,21.05,"PE_ttm 5.0 vs med 16.5; ROA 0.1% vs med 0.0%; ROE 0.1% vs med 0.1%; EPS positive; Revenue TTM positive; Trend: neutral; 3M momentum: 11.76%; RSI14: 55.7; MACD hist: 0.036; mean=0.19, 30d imbalance=0.00 (pos=0, neg=0); implied=27.63%, rating balance=0.25 (SB=1,B=0,H=3,S=0,SS=0); regime=Mixed, beta_1y=1.27 -> score=-0.11",0,0,0.06289037551380705,0.02,RunSept27-Manual-20250927-1339UTC,20250927-1354UTC,0.0,0.0
STZ,Keep,0,132.49,"PE_ttm 9.8 vs med 16.5; ROA 0.1% vs med 0.0%; ROE -0.0% vs med 0.1%; Revenue TTM positive; Trend: bearish; 3M momentum: -18.85%; RSI14: 13.2; MACD hist: -0.835; mean=0.13, 30d imbalance=0.00 (pos=0, neg=0); implied=35.32%, rating balance=0.60 (SB=3,B=13,H=8,S=0,SS=1); regime=Mixed, beta_1y=0.45 -> score=0.22",0,0,0.07854286463478588,0.02,RunSept27-Manual-20250927-1339UTC,20250927-1354UTC,0.0,0.0
TBLA,Keep,0,3.51,"PE_ttm 15.8 vs med 16.5; ROA 0.0% vs med 0.0%; ROE 0.0% vs med 0.1%; EPS positive; Revenue TTM positive; Trend: neutral; 3M momentum: -2.72%; RSI14: 74.5; MACD hist: 0.021; Empty news feed; implied=19.05%, rating balance=0.67 (SB=1,B=3,H=2,S=0,SS=0); regime=Mixed, beta_1y=0.98 -> score=0.01",0,0,0.04455227307203824,0.15,RunSept27-Manual-20250927-1339UTC,20250927-1354UTC,0.0,0.0
TCOM,Keep,0,75.92,"PE_ttm 3.0 vs med 16.5; ROA 0.0% vs med 0.0%; ROE 0.1% vs med 0.1%; EPS positive; Revenue TTM positive; Trend: bullish; 3M momentum: 32.14%; RSI14: 76.2; MACD hist: 0.289; mean=0.31, 30d imbalance=0.00 (pos=0, neg=0); implied=7.03%, rating balance=0.94 (SB=5,B=24,H=2,S=0,SS=0); regime=Mixed, beta_1y=0.73 -> score=0.11",0,0,0.017127529148562415,0.15,RunSept27-Manual-20250927-1339UTC,20250927-1354UTC,0.0,0.0
TEAD,New,591,1.69,"ROA 0.0% vs med 0.0%; ROE -0.2% vs med 0.1%; Revenue TTM positive; Trend: bearish; 3M momentum: -28.63%; RSI14: 53.9; MACD hist: 0.035; mean=0.27, 30d imbalance=0.00 (pos=0, neg=0); implied=75.58%, rating balance=0.40 (SB=2,B=0,H=3,S=0,SS=0); regime=Mixed, beta_1y=1.46 -> score=-0.18",0,591,0.15111741420444003,0.02,RunSept27-Manual-20250927-1339UTC,20250927-1354UTC,998.79,0.013665708360903096
TNC,Keep,0,80.57,"PE_ttm 14.8 vs med 16.5; ROA 0.1% vs med 0.0%; ROE 0.1% vs med 0.1%; EPS positive; Revenue TTM positive; Trend: neutral; 3M momentum: 5.61%; RSI14: 50.9; MACD hist: -0.131; mean=0.27, 30d imbalance=0.00 (pos=0, neg=0); implied=37.09%, rating balance=1.00 (SB=0,B=2,H=0,S=0,SS=0); regime=Mixed, beta_1y=0.85 -> score=0.06",0,0,0.08205593108514342,0.03752829538792411,RunSept27-Manual-20250927-1339UTC,20250927-1354UTC,0.0,0.0
TRVG,Keep,0,3.45,"ROA 0.0% vs med 0.0%; ROE -0.1% vs med 0.1%; Revenue TTM positive; Trend: bearish; 3M momentum: -8.23%; RSI14: 70.1; MACD hist: 0.040; mean=0.22, 30d imbalance=0.00 (pos=0, neg=0); implied=23.64%, rating balance=-0.14 (SB=0,B=1,H=4,S=1,SS=1); regime=Mixed, beta_1y=1.06 -> score=-0.02",0,0,0.054486509945882,0.02,RunSept27-Manual-20250927-1339UTC,20250927-1354UTC,0.0,0.0
TSLA,Keep,0,440.4,"PE_ttm 60.0 vs med 16.5; ROA 0.0% vs med 0.0%; ROE 0.1% vs med 0.1%; EPS positive; Revenue TTM positive; Trend: bullish; 3M momentum: 27.53%; RSI14: 89.8; MACD hist: 7.469; mean=0.17, 30d imbalance=0.00 (pos=0, neg=0); implied=-23.03%, rating balance=0.19 (SB=5,B=14,H=18,S=7,SS=3); regime=Mixed, beta_1y=2.29 -> score=-0.52",0,0,-0.0633444629359825,0.02,RunSept27-Manual-20250927-1339UTC,20250927-1354UTC,0.0,0.0
TWLO,Keep,0,102.34,"PE_ttm 23.8 vs med 16.5; ROA 0.0% vs med 0.0%; ROE 0.0% vs med 0.1%; EPS positive; Revenue TTM positive; Trend: neutral; 3M momentum: -13.51%; RSI14: 52.0; MACD hist: 0.657; mean=0.24, 30d imbalance=0.00 (pos=0, neg=0); implied=24.88%, rating balance=0.64 (SB=8,B=12,H=6,S=0,SS=2); regime=Mixed, beta_1y=1.35 -> score=-0.14",0,0,0.05711484384507415,0.02,RunSept27-Manual-20250927-1339UTC,20250927-1354UTC,0.0,0.0
TX,Keep,0,34.48,"PE_ttm 25.1 vs med 16.5; ROA 0.0% vs med 0.0%; ROE 0.1% vs med 0.1%; EPS positive; Revenue TTM positive; Trend: bullish; 3M momentum: 13.31%; RSI14: 56.8; MACD hist: -0.024; mean=0.17, 30d imbalance=0.00 (pos=0, neg=0); implied=1.64%, rating balance=0.31 (SB=3,B=3,H=5,S=1,SS=1); regime=Mixed, beta_1y=0.68 -> score=0.13",0,0,0.004076962808895024,0.02,RunSept27-Manual-20250927-1339UTC,20250927-1354UTC,0.0,0.0
TXG,New,85,11.72,"ROA -0.1% vs med 0.0%; ROE -0.1% vs med 0.1%; Revenue TTM positive; Trend: bullish; 3M momentum: 19.74%; RSI14: 46.5; MACD hist: -0.073; mean=0.25, 30d imbalance=0.00 (pos=0, neg=0); implied=15.57%, rating balance=0.44 (SB=2,B=5,H=9,S=0,SS=0); regime=Mixed, beta_1y=1.89 -> score=-0.36",0,85,0.03683324803321053,0.02,RunSept27-Manual-20250927-1339UTC,20250927-1354UTC,996.2,0.013630271297401521
TXO,New,69,14.32,"PE_ttm 10.7 vs med 16.5; ROA -0.0% vs med 0.0%; ROE 0.0% vs med 0.1%; EPS positive; Revenue TTM positive; Trend: bearish; 3M momentum: -10.08%; RSI14: 45.0; MACD hist: 0.060; mean=0.19, 30d imbalance=0.00 (pos=0, neg=0); implied=56.80%, rating balance=1.00 (SB=0,B=3,H=0,S=0,SS=0); regime=Mixed, beta_1y=0.44 -> score=0.23",0,69,0.11901966097183392,0.02,RunSept27-Manual-20250927-1339UTC,20250927-1354UTC,988.08,0.013519171314531715
UPWK,Keep,0,19.15,"PE_ttm 16.5 vs med 16.5; ROA 0.1% vs med 0.0%; ROE 0.5% vs med 0.1%; EPS positive; Revenue TTM positive; Trend: neutral; 3M momentum: 45.01%; RSI14: 74.7; MACD hist: 0.314; mean=0.23, 30d imbalance=0.00 (pos=0, neg=0); implied=-3.26%, rating balance=0.55 (SB=2,B=4,H=5,S=0,SS=0); regime=Mixed, beta_1y=1.09 -> score=-0.03",0,0,-0.008249477101883396,0.02,RunSept27-Manual-20250927-1339UTC,20250927-1354UTC,0.0,0.0
UTL,Keep,0,46.97,"PE_ttm 15.5 vs med 16.5; ROA 0.0% vs med 0.0%; ROE 0.1% vs med 0.1%; EPS positive; Revenue TTM positive; Trend: bearish; 3M momentum: -13.39%; RSI14: 46.9; MACD hist: 0.142; mean=0.32, 30d imbalance=0.00 (pos=0, neg=0); implied=29.39%, rating balance=1.00 (SB=0,B=2,H=0,S=0,SS=0); regime=Mixed, beta_1y=0.21 -> score=0.32",0,0,0.06652684725397262,0.02,RunSept27-Manual-20250927-1339UTC,20250927-1354UTC,0.0,0.0
UTZ,New,82,12.12,"PE_ttm 16.4 vs med 16.5; ROA 0.0% vs med 0.0%; ROE 0.0% vs med 0.1%; EPS positive; Revenue TTM positive; Trend: bearish; 3M momentum: -0.78%; RSI14: 39.4; MACD hist: -0.052; mean=0.22, 30d imbalance=0.00 (pos=0, neg=0); implied=34.33%, rating balance=0.73 (SB=3,B=5,H=3,S=0,SS=0); regime=Mixed, beta_1y=0.21 -> score=0.31",0,82,0.07656914033859596,0.02,RunSept27-Manual-20250927-1339UTC,20250927-1354UTC,993.8399999999999,0.013597981154596995
VCEL,Keep,0,30.23,"PE_ttm 60.0 vs med 16.5; ROA 0.0% vs med 0.0%; ROE 0.0% vs med 0.1%; EPS positive; Revenue TTM positive; Trend: bearish; 3M momentum: -26.60%; RSI14: 41.2; MACD hist: -0.034; mean=0.14, 30d imbalance=0.00 (pos=0, neg=0); implied=73.34%, rating balance=1.00 (SB=1,B=7,H=0,S=0,SS=0); regime=Mixed, beta_1y=1.20 -> score=-0.08",0,0,0.14742887098157942,0.1337324796782439,RunSept27-Manual-20250927-1339UTC,20250927-1354UTC,0.0,0.0
VERA,Keep,0,28.2,"ROA -0.3% vs med 0.0%; ROE -0.5% vs med 0.1%; Trend: neutral; 3M momentum: 15.63%; RSI14: 66.6; MACD hist: 0.212; mean=0.16, 30d imbalance=0.00 (pos=0, neg=0); implied=140.25%, rating balance=0.85 (SB=2,B=9,H=2,S=0,SS=0); regime=Mixed, beta_1y=1.22 -> score=-0.09",0,0,0.24499355705792358,0.1188520743183737,RunSept27-Manual-20250927-1339UTC,20250927-1354UTC,0.0,0.0
W,Keep,0,86.82,"PE_ttm 60.0 vs med 16.5; ROA -0.0% vs med 0.0%; ROE 0.0% vs med 0.1%; Revenue TTM positive; Trend: bullish; 3M momentum: 68.26%; RSI14: 62.6; MACD hist: -0.424; mean=0.22, 30d imbalance=0.00 (pos=0, neg=0); implied=-3.74%, rating balance=0.55 (SB=5,B=13,H=15,S=0,SS=0); regime=Mixed, beta_1y=2.37 -> score=-0.55",0,0,-0.009484534830962121,0.055585446084655425,RunSept27-Manual-20250927-1339UTC,20250927-1354UTC,0.0,0.0
WDAY,Keep,0,246.67,"PE_ttm 29.1 vs med 16.5; ROA 0.0% vs med 0.0%; ROE 0.1% vs med 0.1%; EPS positive; Revenue TTM positive; Trend: neutral; 3M momentum: 1.45%; RSI14: 64.6; MACD hist: 1.397; mean=0.22, 30d imbalance=0.00 (pos=0, neg=0); implied=16.23%, rating balance=0.70 (SB=8,B=21,H=10,S=0,SS=1); regime=Mixed, beta_1y=0.97 -> score=0.01",0,0,0.03832181290124015,0.02,RunSept27-Manual-20250927-1339UTC,20250927-1354UTC,0.0,0.0
WELL,Keep,0,174.9,"PE_ttm 60.0 vs med 16.5; ROA 0.0% vs med 0.0%; ROE 0.0% vs med 0.1%; EPS positive; Revenue TTM positive; Trend: bullish; 3M momentum: 8.54%; RSI14: 48.8; MACD hist: -0.435; mean=0.25, 30d imbalance=0.00 (pos=0, neg=0); implied=8.77%, rating balance=0.79 (SB=5,B=11,H=2,S=0,SS=1); regime=Mixed, beta_1y=0.32 -> score=0.27",0,0,0.021234909287479953,0.02,RunSept27-Manual-20250927-1339UTC,20250927-1354UTC,0.0,0.0
XPO,New,7,126.05,"PE_ttm 36.1 vs med 16.5; ROA 0.1% vs med 0.0%; ROE 0.2% vs med 0.1%; EPS positive; Revenue TTM positive; Trend: bullish; 3M momentum: 4.31%; RSI14: 56.8; MACD hist: -0.157; mean=0.22, 30d imbalance=0.00 (pos=0, neg=0); implied=6.11%, rating balance=0.79 (SB=3,B=18,H=1,S=1,SS=1); regime=Mixed, beta_1y=1.60 -> score=-0.24",0,7,0.014925887489932732,0.02,RunSept27-Manual-20250927-1339UTC,20250927-1354UTC,882.35,0.012072545552361204
ZBH,Keep,0,98.24,"PE_ttm 12.6 vs med 16.5; ROA 0.0% vs med 0.0%; ROE 0.1% vs med 0.1%; EPS positive; Revenue TTM positive; Trend: neutral; 3M momentum: 10.18%; RSI14: 38.9; MACD hist: -0.724; mean=0.25, 30d imbalance=0.00 (pos=0, neg=0); implied=8.82%, rating balance=0.32 (SB=5,B=6,H=15,S=1,SS=1); regime=Mixed, beta_1y=0.31 -> score=0.27",0,0,0.02134808599622473,0.02,RunSept27-Manual-20250927-1339UTC,20250927-1354UTC,0.0,0.0
ZM,Keep,0,84.51,"PE_ttm 14.4 vs med 16.5; ROA 0.1% vs med 0.0%; ROE 0.1% vs med 0.1%; EPS positive; Revenue TTM positive; Trend: neutral; 3M momentum: 9.26%; RSI14: 55.4; MACD hist: -0.225; mean=0.25, 30d imbalance=0.00 (pos=0, neg=0); implied=10.50%, rating balance=0.41 (SB=3,B=12,H=15,S=1,SS=1); regime=Mixed, beta_1y=0.86 -> score=0.06",0,0,0.025273671137827858,0.02,RunSept27-Manual-20250927-1339UTC,20250927-1354UTC,0.0,0.0
